year,seasontype,week,game_id,home_team,away_team,predicted_winner,actual_winner,home_win_prob,away_win_prob,is_correct
2022,2,1,401437654,LAR,BUF,BUF,BUF,0.4492630929419176,0.5507369070580824,True
2022,2,1,401437650,ATL,NO,NO,NO,0.39882680341921584,0.6011731965807842,True
2022,2,1,401437647,CHI,SF,SF,CHI,0.41909773785228727,0.5809022621477127,False
2022,2,1,401437634,CIN,PIT,CIN,PIT,0.5998827842314151,0.40011721576858494,False
2022,2,1,401437648,DET,PHI,PHI,PHI,0.4271112992713033,0.5728887007286967,True
2022,2,1,401437630,MIA,NE,NE,MIA,0.4507271675310385,0.5492728324689615,False
2022,2,1,401437632,NYJ,BAL,BAL,BAL,0.41361466195086827,0.5863853380491317,True
2022,2,1,401437646,WSH,JAX,WSH,WSH,0.5948643648904872,0.4051356351095128,True
2022,2,1,401437651,CAR,CLE,CLE,CLE,0.4497017330150721,0.5502982669849279,True
2022,2,1,401437637,HOU,IND,IND,,0.3752608901181363,0.6247391098818638,
2022,2,1,401437640,TEN,NYG,TEN,NYG,0.6176173410539513,0.3823826589460487,False
2022,2,1,401437649,MIN,GB,GB,MIN,0.47248840976645157,0.5275115902335484,False
2022,2,1,401437653,ARI,KC,ARI,KC,0.5353441193052426,0.4646558806947574,False
2022,2,1,401437643,LAC,LV,LAC,LAC,0.5626142587982457,0.43738574120175433,True
2022,2,1,401437644,DAL,TB,DAL,TB,0.5122224544708888,0.48777754552911123,False
2022,2,1,401437655,SEA,DEN,SEA,SEA,0.5173922730750944,0.4826077269249056,True
2022,2,2,401434030,KC,LAC,KC,KC,0.5468186869853175,0.45318131301468245,True
2022,2,2,401437635,CLE,NYJ,CLE,NYJ,0.6381564889864276,0.36184351101357237,False
2022,2,2,401437732,DET,WSH,DET,DET,0.507219157511043,0.49278084248895704,True
2022,2,2,401437652,NO,TB,TB,TB,0.45981675938936517,0.5401832406106348,True
2022,2,2,401437645,NYG,CAR,CAR,NYG,0.487430749579243,0.5125692504207571,False
2022,2,2,401437636,PIT,NE,NE,NE,0.4386117663224522,0.5613882336775478,True
2022,2,2,401437639,JAX,IND,IND,JAX,0.3515007715432521,0.6484992284567479,False
2022,2,2,401437633,BAL,MIA,BAL,MIA,0.5172377164447469,0.4827622835552531,False
2022,2,2,401437733,LAR,ATL,LAR,LAR,0.6220049781561909,0.37799502184380906,True
2022,2,2,401437605,SF,SEA,SF,SF,0.5270990927833075,0.47290090721669253,True
2022,2,2,401437734,DAL,CIN,DAL,DAL,0.5583918288119076,0.44160817118809237,True
2022,2,2,401437641,DEN,HOU,DEN,DEN,0.6014006562672255,0.3985993437327745,True
2022,2,2,401437642,LV,ARI,ARI,ARI,0.40650122615155465,0.5934987738484454,True
2022,2,2,401437606,GB,CHI,GB,GB,0.6335816834267578,0.3664183165732422,True
2022,2,2,401436831,BUF,TEN,BUF,BUF,0.6088885976010526,0.39111140239894737,True
2022,2,2,401436832,PHI,MIN,MIN,PHI,0.49961771429291624,0.5003822857070838,False
2022,2,3,401437735,CLE,PIT,CLE,CLE,0.5579488900973577,0.4420511099026423,True
2022,2,3,401437737,CHI,HOU,CHI,CHI,0.5219671820649479,0.47803281793505215,True
2022,2,3,401437741,TEN,LV,TEN,TEN,0.5530285913846457,0.44697140861535434,True
2022,2,3,401437638,IND,KC,IND,IND,0.5269900081001364,0.4730099918998636,True
2022,2,3,401437738,MIA,BUF,BUF,MIA,0.38863465430251826,0.6113653456974817,False
2022,2,3,401437739,MIN,DET,MIN,MIN,0.5891228915961593,0.41087710840384073,True
2022,2,3,401437631,NE,BAL,NE,BAL,0.5586944972569232,0.4413055027430768,False
2022,2,3,401437740,NYJ,CIN,CIN,CIN,0.3851033108162991,0.6148966891837009,True
2022,2,3,401437742,WSH,PHI,PHI,PHI,0.41460550112008504,0.5853944988799149,True
2022,2,3,401437736,CAR,NO,NO,CAR,0.4402846367085018,0.5597153632914982,False
2022,2,3,401437743,LAC,JAX,LAC,JAX,0.60579143770169,0.39420856229831003,False
2022,2,3,401437744,ARI,LAR,ARI,LAR,0.5355409436512831,0.46445905634871687,False
2022,2,3,401437745,SEA,ATL,SEA,ATL,0.584214209084827,0.415785790915173,False
2022,2,3,401437607,TB,GB,TB,GB,0.5578207767468786,0.4421792232531214,False
2022,2,3,401437746,DEN,SF,SF,DEN,0.48590389747099916,0.5140961025290008,False
2022,2,3,401437747,NYG,DAL,DAL,DAL,0.37903939880579185,0.6209606011942082,True
2022,2,4,401437748,CIN,MIA,CIN,CIN,0.5597674390200194,0.44023256097998065,True
2022,2,4,401435639,NO,MIN,NO,MIN,0.5031008730182718,0.4968991269817282,False
2022,2,4,401437749,ATL,CLE,CLE,ATL,0.42059905028878725,0.5794009497112127,False
2022,2,4,401437751,DAL,WSH,DAL,DAL,0.6336301416712299,0.3663698583287701,True
2022,2,4,401437752,DET,SEA,SEA,SEA,0.4743847198126665,0.5256152801873335,True
2022,2,4,401437754,IND,TEN,IND,TEN,0.5812958464662379,0.4187041535337621,False
2022,2,4,401437755,NYG,CHI,CHI,NYG,0.49423673039308236,0.5057632696069176,False
2022,2,4,401437756,PHI,JAX,PHI,PHI,0.6326835588218325,0.36731644117816753,True
2022,2,4,401437757,PIT,NYJ,PIT,NYJ,0.5878700049880131,0.4121299950119869,False
2022,2,4,401437750,BAL,BUF,BUF,BUF,0.4091130934968176,0.5908869065031823,True
2022,2,4,401437753,HOU,LAC,LAC,LAC,0.45422001259905165,0.5457799874009484,True
2022,2,4,401437758,CAR,ARI,ARI,ARI,0.4054598165900264,0.5945401834099736,True
2022,2,4,401437759,GB,NE,GB,GB,0.5400777573998826,0.4599222426001174,True
2022,2,4,401437760,LV,DEN,DEN,LV,0.4286898439367461,0.5713101560632539,False
2022,2,4,401437470,TB,KC,TB,KC,0.562317635492313,0.43768236450768705,False
2022,2,4,401437761,SF,LAR,SF,SF,0.5245809943003092,0.47541900569969076,True
2022,2,5,401437762,DEN,IND,IND,IND,0.4913092696648177,0.5086907303351823,True
2022,2,5,401435640,GB,NYG,GB,NYG,0.6339452483827921,0.3660547516172079,False
2022,2,5,401437763,BUF,PIT,BUF,BUF,0.667422783040906,0.33257721695909404,True
2022,2,5,401437764,CLE,LAC,CLE,LAC,0.5281009623507992,0.4718990376492008,False
2022,2,5,401437766,MIN,CHI,MIN,MIN,0.5902905425396366,0.40970945746036336,True
2022,2,5,401437767,NE,DET,NE,NE,0.5863681739575928,0.4136318260424072,True
2022,2,5,401437768,NO,SEA,NO,NO,0.5209861405633343,0.47901385943666575,True
2022,2,5,401437769,NYJ,MIA,MIA,NYJ,0.4357095923272277,0.5642904076727723,False
2022,2,5,401437770,TB,ATL,TB,TB,0.6469062899768117,0.35309371002318835,True
2022,2,5,401437771,WSH,TEN,TEN,TEN,0.463613909875601,0.536386090124399,True
2022,2,5,401437765,JAX,HOU,JAX,HOU,0.5198352984132681,0.48016470158673186,False
2022,2,5,401437772,CAR,SF,SF,SF,0.406460023155583,0.593539976844417,True
2022,2,5,401437774,LAR,DAL,DAL,DAL,0.45971564355314515,0.5402843564468549,True
2022,2,5,401437773,ARI,PHI,ARI,PHI,0.5056204799673985,0.49437952003260155,False
2022,2,5,401437775,BAL,CIN,CIN,BAL,0.48605454401851333,0.5139454559814867,False
2022,2,5,401437776,KC,LV,KC,KC,0.6005513599152371,0.3994486400847629,True
2022,2,6,401437777,CHI,WSH,CHI,WSH,0.5172478057066865,0.4827521942933135,False
2022,2,6,401437778,ATL,SF,SF,ATL,0.40218550976396394,0.5978144902360361,False
2022,2,6,401437779,CLE,NE,NE,NE,0.49657234909223985,0.5034276509077602,True
2022,2,6,401437780,GB,NYJ,GB,NYJ,0.6431738431305664,0.35682615686943364,False
2022,2,6,401437781,IND,JAX,IND,IND,0.6113483332603742,0.3886516667396258,True
2022,2,6,401437782,MIA,MIN,MIN,MIN,0.46263801658089154,0.5373619834191085,True
2022,2,6,401437783,NO,CIN,CIN,CIN,0.48470207407441,0.51529792592559,True
2022,2,6,401437784,NYG,BAL,BAL,NYG,0.45096414109276767,0.5490358589072324,False
2022,2,6,401437785,PIT,TB,TB,PIT,0.387183087545387,0.612816912454613,False
2022,2,6,401437786,LAR,CAR,LAR,LAR,0.580477767867818,0.419522232132182,True
2022,2,6,401437787,SEA,ARI,ARI,SEA,0.45125431051431203,0.5487456894856879,False
2022,2,6,401437788,KC,BUF,BUF,BUF,0.44037111852576927,0.5596288814742307,True
2022,2,6,401437789,PHI,DAL,PHI,PHI,0.5068182862259728,0.4931817137740272,True
2022,2,6,401437790,LAC,DEN,LAC,LAC,0.5103292246915648,0.48967077530843517,True
2022,2,7,401437791,ARI,NO,ARI,ARI,0.5599414987522725,0.4400585012477275,True
2022,2,7,401437794,CIN,ATL,CIN,CIN,0.5845525519520887,0.41544744804791134,True
2022,2,7,401437795,DAL,DET,DAL,DAL,0.6320690215393129,0.3679309784606871,True
2022,2,7,401437797,TEN,IND,IND,TEN,0.4761971584755299,0.5238028415244701,False
2022,2,7,401437798,WSH,GB,GB,WSH,0.41589221863549103,0.584107781364509,False
2022,2,7,401437793,CAR,TB,TB,CAR,0.3777859866060101,0.62221401339399,False
2022,2,7,401437796,JAX,NYG,JAX,NYG,0.508810576186017,0.491189423813983,False
2022,2,7,401437792,BAL,CLE,BAL,BAL,0.5283761944865855,0.47162380551341454,True
2022,2,7,401437799,DEN,NYJ,DEN,NYJ,0.6010020643967886,0.3989979356032114,False
2022,2,7,401437800,LV,HOU,LV,LV,0.5325810117333827,0.4674189882666173,True
2022,2,7,401437801,LAC,SEA,LAC,SEA,0.5231513593922286,0.47684864060777143,False
2022,2,7,401437802,SF,KC,SF,KC,0.5120799531167833,0.48792004688321666,False
2022,2,7,401437803,MIA,PIT,MIA,MIA,0.5341929239330925,0.4658070760669075,True
2022,2,7,401437804,NE,CHI,NE,CHI,0.61907042418391,0.38092957581609,False
2022,2,8,401437805,TB,BAL,TB,BAL,0.5552630635224887,0.44473693647751134,False
2022,2,8,401435641,JAX,DEN,DEN,DEN,0.44170057085715664,0.5582994291428434,True
2022,2,8,401437806,ATL,CAR,ATL,ATL,0.5254818026250738,0.4745181973749262,True
2022,2,8,401437807,DAL,CHI,DAL,DAL,0.6259322431229419,0.37406775687705807,True
2022,2,8,401437808,DET,MIA,MIA,MIA,0.4643629077884377,0.5356370922115623,True
2022,2,8,401437809,MIN,ARI,ARI,MIN,0.49394926726758687,0.5060507327324131,False
2022,2,8,401437810,NO,LV,NO,NO,0.5346330646475627,0.46536693535243734,True
2022,2,8,401437811,NYJ,NE,NE,NE,0.44013813629591364,0.5598618637040864,True
2022,2,8,401437812,PHI,PIT,PHI,PHI,0.6676099521394303,0.3323900478605697,True
2022,2,8,401437813,HOU,TEN,TEN,TEN,0.4545622646167969,0.5454377353832032,True
2022,2,8,401437814,IND,WSH,IND,WSH,0.58557147493463,0.41442852506537,False
2022,2,8,401437815,LAR,SF,SF,SF,0.4872627633620993,0.5127372366379007,True
2022,2,8,401437816,SEA,NYG,SEA,SEA,0.5570910182513509,0.4429089817486491,True
2022,2,8,401437817,BUF,GB,BUF,BUF,0.6108106763433049,0.3891893236566951,True
2022,2,8,401437818,CLE,CIN,CIN,CLE,0.47443316127332236,0.5255668387266776,False
2022,2,9,401437819,HOU,PHI,PHI,PHI,0.3511270830131117,0.6488729169868883,True
2022,2,9,401437820,ATL,LAC,LAC,LAC,0.47007275772621226,0.5299272422737877,True
2022,2,9,401437821,CHI,MIA,MIA,MIA,0.4986226565539623,0.5013773434460377,True
2022,2,9,401437822,CIN,CAR,CIN,CIN,0.5893201914071886,0.4106798085928114,True
2022,2,9,401437823,DET,GB,GB,DET,0.4194348006275319,0.5805651993724681,False
2022,2,9,401437825,NE,IND,NE,NE,0.5331280781620552,0.4668719218379448,True
2022,2,9,401437826,NYJ,BUF,BUF,NYJ,0.3591906445236145,0.6408093554763855,False
2022,2,9,401437827,WSH,MIN,MIN,MIN,0.4319369618038866,0.5680630381961134,True
2022,2,9,401437824,JAX,LV,LV,JAX,0.4956379914456246,0.5043620085543754,False
2022,2,9,401437828,ARI,SEA,ARI,SEA,0.5403292281177228,0.45967077188227723,False
2022,2,9,401437829,TB,LAR,TB,TB,0.5698534196591264,0.4301465803408736,True
2022,2,9,401437830,KC,TEN,KC,KC,0.5443618900421558,0.45563810995784415,True
2022,2,9,401437831,NO,BAL,BAL,BAL,0.49515802554966415,0.5048419744503359,True
2022,2,10,401437832,CAR,ATL,ATL,CAR,0.48729153362751143,0.5127084663724886,False
2022,2,10,401435638,TB,SEA,TB,TB,0.5416734798009902,0.45832652019900977,True
2022,2,10,401437833,BUF,MIN,BUF,MIN,0.5779231896941539,0.4220768103058461,False
2022,2,10,401437834,CHI,DET,CHI,DET,0.5402138754130897,0.45978612458691026,False
2022,2,10,401437839,TEN,DEN,TEN,TEN,0.5128562824675437,0.48714371753245633,True
2022,2,10,401437835,KC,JAX,KC,KC,0.5952365991148187,0.40476340088518126,True
2022,2,10,401437836,MIA,CLE,CLE,MIA,0.49216303248952836,0.5078369675104717,False
2022,2,10,401437837,NYG,HOU,NYG,NYG,0.5468462817677303,0.4531537182322697,True
2022,2,10,401437838,PIT,NO,NO,PIT,0.4500105407400275,0.5499894592599726,False
2022,2,10,401437840,LV,IND,IND,IND,0.47248358570970506,0.5275164142902949,True
2022,2,10,401437131,GB,DAL,DAL,GB,0.45358846383664786,0.5464115361633521,False
2022,2,10,401437841,LAR,ARI,ARI,ARI,0.4703289266648418,0.5296710733351582,True
2022,2,10,401437842,SF,LAC,SF,SF,0.5426892847739355,0.4573107152260645,True
2022,2,10,401437843,PHI,WSH,PHI,WSH,0.6662009926900642,0.33379900730993584,False
2022,2,11,401437844,GB,TEN,GB,TEN,0.5194499669973212,0.48055003300267884,False
2022,2,11,401437845,ATL,CHI,ATL,ATL,0.5008137005504714,0.49918629944952864,True
2022,2,11,401437847,BUF,CLE,BUF,BUF,0.6028691374929832,0.3971308625070168,True
2022,2,11,401437849,IND,PHI,PHI,PHI,0.4209070499445703,0.5790929500554297,True
2022,2,11,401437850,NE,NYJ,NE,NE,0.5752687601234086,0.42473123987659145,True
2022,2,11,401437851,NO,LAR,NO,NO,0.521440550974837,0.478559449025163,True
2022,2,11,401437852,NYG,DET,NYG,DET,0.5516345528685644,0.44836544713143556,False
2022,2,11,401437846,BAL,CAR,BAL,BAL,0.6161246030800638,0.3838753969199362,True
2022,2,11,401437848,HOU,WSH,WSH,WSH,0.4749845076807674,0.5250154923192326,True
2022,2,11,401437853,DEN,LV,DEN,LV,0.5724130790056687,0.42758692099433127,False
2022,2,11,401437855,MIN,DAL,DAL,DAL,0.4896158576452753,0.5103841423547246,True
2022,2,11,401437856,PIT,CIN,CIN,CIN,0.422508085913759,0.577491914086241,True
2022,2,11,401437854,LAC,KC,KC,KC,0.4811184562759396,0.5188815437240604,True
2022,2,11,401435642,ARI,SF,ARI,SF,0.5195206360360027,0.48047936396399726,False
2022,2,12,401437857,DET,BUF,BUF,BUF,0.3991785234435602,0.6008214765564398,True
2022,2,12,401437858,DAL,NYG,DAL,DAL,0.6235013253714405,0.37649867462855946,True
2022,2,12,401437859,MIN,NE,MIN,MIN,0.5023334131440453,0.49766658685595466,True
2022,2,12,401437861,CLE,TB,TB,CLE,0.4597612570079632,0.5402387429920368,False
2022,2,12,401437865,TEN,CIN,CIN,CIN,0.49483224655260766,0.5051677534473924,True
2022,2,12,401437863,MIA,HOU,MIA,MIA,0.5916394855391692,0.40836051446083077,True
2022,2,12,401437864,NYJ,CHI,NYJ,NYJ,0.5054184308496423,0.49458156915035767,True
2022,2,12,401437866,WSH,ATL,WSH,WSH,0.5536430792092761,0.44635692079072387,True
2022,2,12,401437860,CAR,DEN,DEN,CAR,0.439085432654667,0.5609145673453331,False
2022,2,12,401437862,JAX,BAL,BAL,JAX,0.4370904171572324,0.5629095828427676,False
2022,2,12,401437867,ARI,LAC,ARI,LAC,0.5438316288898232,0.45616837111017683,False
2022,2,12,401437868,SEA,LV,SEA,LV,0.5677581961002124,0.4322418038997876,False
2022,2,12,401437869,KC,LAR,KC,KC,0.5804058544532754,0.4195941455467246,True
2022,2,12,401437870,SF,NO,SF,SF,0.5919840857174086,0.40801591428259143,True
2022,2,12,401437871,PHI,GB,PHI,PHI,0.602902045395664,0.39709795460433595,True
2022,2,12,401437872,IND,PIT,IND,PIT,0.5576781260863067,0.44232187391369326,False
2022,2,13,401437873,NE,BUF,BUF,BUF,0.4626411562829377,0.5373588437170622,True
2022,2,13,401437874,ATL,PIT,ATL,PIT,0.5016737692908612,0.49832623070913884,False
2022,2,13,401437876,CHI,GB,GB,GB,0.4943174120070384,0.5056825879929616,True
2022,2,13,401437877,DET,JAX,JAX,DET,0.4941611870911353,0.5058388129088647,False
2022,2,13,401437879,MIN,NYJ,MIN,MIN,0.5452882787181623,0.4547117212818377,True
2022,2,13,401437880,NYG,WSH,WSH,,0.4997543174044028,0.5002456825955972,
2022,2,13,401437881,PHI,TEN,PHI,PHI,0.6109367997925288,0.3890632002074712,True
2022,2,13,401437875,BAL,DEN,BAL,BAL,0.578342854081419,0.42165714591858094,True
2022,2,13,401437878,HOU,CLE,CLE,CLE,0.44651015766708724,0.5534898423329128,True
2022,2,13,401437882,LAR,SEA,SEA,SEA,0.4744754174240635,0.5255245825759365,True
2022,2,13,401437883,SF,MIA,SF,SF,0.5670445488408609,0.43295545115913914,True
2022,2,13,401437884,CIN,KC,CIN,CIN,0.5081180400851724,0.49188195991482764,True
2022,2,13,401437885,LV,LAC,LAC,LV,0.49776087084226617,0.5022391291577338,False
2022,2,13,401437886,DAL,IND,DAL,DAL,0.6088702807085956,0.3911297192914044,True
2022,2,13,401437887,TB,NO,TB,TB,0.5899288185100797,0.4100711814899203,True
2022,2,14,401437888,LAR,LV,LV,LAR,0.4875500578924017,0.5124499421075983,False
2022,2,14,401437889,BUF,NYJ,BUF,BUF,0.6065896882383818,0.3934103117616182,True
2022,2,14,401437890,CIN,CLE,CIN,CIN,0.5577527199445476,0.44224728005545244,True
2022,2,14,401437891,DAL,HOU,DAL,DAL,0.6951749461215186,0.30482505387848136,True
2022,2,14,401437892,DET,MIN,MIN,DET,0.4653358453494334,0.5346641546505666,False
2022,2,14,401437895,TEN,JAX,TEN,JAX,0.5412656364854336,0.4587343635145664,False
2022,2,14,401437893,NYG,PHI,PHI,PHI,0.3866864752432723,0.6133135247567276,True
2022,2,14,401437894,PIT,BAL,BAL,BAL,0.44806403613731705,0.551935963862683,True
2022,2,14,401437899,DEN,KC,KC,KC,0.4845839730950323,0.5154160269049677,True
2022,2,14,401437897,SF,TB,SF,SF,0.576542614563689,0.42345738543631095,True
2022,2,14,401437898,SEA,CAR,SEA,CAR,0.5708155072796056,0.4291844927203944,False
2022,2,14,401437896,LAC,MIA,LAC,LAC,0.5110449455712023,0.4889550544287977,True
2022,2,14,401437900,ARI,NE,NE,NE,0.4942817340935225,0.5057182659064775,True
2022,2,15,401437901,SEA,SF,SF,SF,0.4245953897393596,0.5754046102606404,True
2022,2,15,401437904,MIN,IND,MIN,MIN,0.5690252693732365,0.4309747306267635,True
2022,2,15,401437903,CLE,BAL,BAL,CLE,0.44631049433065384,0.5536895056693462,False
2022,2,15,401437902,BUF,MIA,BUF,BUF,0.6114720244680585,0.3885279755319415,True
2022,2,15,401437908,CHI,PHI,PHI,PHI,0.3631343135859352,0.6368656864140648,True
2022,2,15,401437905,NO,ATL,NO,NO,0.5128486612525227,0.4871513387474773,True
2022,2,15,401437911,NYJ,DET,NYJ,DET,0.5117981567141212,0.4882018432858788,False
2022,2,15,401437907,CAR,PIT,CAR,PIT,0.5101960169537878,0.4898039830462122,False
2022,2,15,401437910,JAX,DAL,DAL,JAX,0.42721487943811903,0.572785120561881,False
2022,2,15,401437909,HOU,KC,KC,KC,0.3982268262515297,0.6017731737484703,True
2022,2,15,401437912,DEN,ARI,DEN,DEN,0.5250618490770123,0.47493815092298775,True
2022,2,15,401437915,LV,NE,NE,LV,0.47050121882360074,0.5294987811763993,False
2022,2,15,401437913,LAC,TEN,LAC,LAC,0.5295004278449347,0.4704995721550653,True
2022,2,15,401437914,TB,CIN,CIN,CIN,0.4675880352113665,0.5324119647886335,True
2022,2,15,401437906,WSH,NYG,WSH,NYG,0.5471208677598576,0.4528791322401424,False
2022,2,15,401437916,GB,LAR,GB,GB,0.5539316018299907,0.4460683981700093,True
2022,2,16,401437917,NYJ,JAX,NYJ,JAX,0.5033301458890775,0.49666985411092246,False
2022,2,16,401437920,CHI,BUF,BUF,BUF,0.41767719464508696,0.582322805354913,True
2022,2,16,401437921,CLE,NO,CLE,NO,0.5603277124058794,0.4396722875941206,False
2022,2,16,401437922,KC,SEA,KC,KC,0.5584831887972568,0.4415168112027432,True
2022,2,16,401437923,MIN,NYG,MIN,MIN,0.5330356599476211,0.46696434005237886,True
2022,2,16,401437924,NE,CIN,CIN,CIN,0.4995678281788801,0.5004321718211199,True
2022,2,16,401437919,CAR,DET,DET,CAR,0.47225455578520714,0.5277454442147929,False
2022,2,16,401437918,BAL,ATL,BAL,BAL,0.6041230409230884,0.39587695907691156,True
2022,2,16,401437925,TEN,HOU,TEN,HOU,0.5890255841917982,0.4109744158082018,False
2022,2,16,401437926,SF,WSH,SF,SF,0.6142808504855275,0.3857191495144725,True
2022,2,16,401437927,DAL,PHI,PHI,DAL,0.48371004510548987,0.5162899548945101,False
2022,2,16,401437928,PIT,LV,PIT,PIT,0.5074505529930744,0.4925494470069256,True
2022,2,16,401437929,MIA,GB,MIA,GB,0.5096136322589647,0.4903863677410353,False
2022,2,16,401436983,LAR,DEN,DEN,LAR,0.45943344174954875,0.5405665582504513,False
2022,2,16,401437930,ARI,TB,ARI,TB,0.5155808014223031,0.4844191985776969,False
2022,2,16,401437931,IND,LAC,LAC,LAC,0.47301326492063783,0.5269867350793622,True
2022,2,17,401437932,TEN,DAL,DAL,DAL,0.41526143119127956,0.5847385688087204,True
2022,2,17,401437933,ATL,ARI,ARI,ATL,0.49266496349669486,0.5073350365033051,False
2022,2,17,401437935,DET,CHI,DET,DET,0.5308275854326354,0.4691724145673646,True
2022,2,17,401437937,KC,DEN,KC,KC,0.5657556848593392,0.43424431514066075,True
2022,2,17,401437938,NE,MIA,NE,NE,0.5645674480955153,0.4354325519044847,True
2022,2,17,401437939,NYG,IND,NYG,NYG,0.5511343203582051,0.4488656796417949,True
2022,2,17,401437940,PHI,NO,PHI,NO,0.6441358706723652,0.3558641293276348,False
2022,2,17,401437941,TB,CAR,TB,TB,0.5344104024379956,0.46558959756200435,True
2022,2,17,401437942,WSH,CLE,WSH,CLE,0.5119404930774865,0.48805950692251354,False
2022,2,17,401437936,HOU,JAX,JAX,JAX,0.43243125890730066,0.5675687410926993,True
2022,2,17,401437943,LV,SF,SF,SF,0.39381924185425143,0.6061807581457486,True
2022,2,17,401437944,SEA,NYJ,SEA,SEA,0.5238907527842371,0.47610924721576287,True
2022,2,17,401437945,GB,MIN,GB,GB,0.5156237716950798,0.4843762283049202,True
2022,2,17,401437946,LAC,LAR,LAC,LAC,0.5379457329964289,0.4620542670035711,True
2022,2,17,401437934,BAL,PIT,BAL,PIT,0.5851855130305789,0.41481448696942114,False
2022,2,17,401437947,CIN,BUF,BUF,,0.47540576868203704,0.524594231317963,
2022,2,18,401437961,LV,KC,KC,KC,0.4519418975290867,0.5480581024709132,True
2022,2,18,401437954,JAX,TEN,JAX,JAX,0.5492434437852484,0.45075655621475164,True
2022,2,18,401437948,ATL,TB,TB,ATL,0.47216448485950646,0.5278355151404935,False
2022,2,18,401437949,BUF,NE,BUF,BUF,0.5644303123013236,0.43556968769867643,True
2022,2,18,401437950,CHI,MIN,MIN,MIN,0.4774854283134573,0.5225145716865427,True
2022,2,18,401437951,CIN,BAL,CIN,CIN,0.5110807734224023,0.4889192265775977,True
2022,2,18,401437953,IND,HOU,IND,HOU,0.5400984407177378,0.4599015592822622,False
2022,2,18,401437955,MIA,NYJ,MIA,MIA,0.5331175616665998,0.46688243833340015,True
2022,2,18,401437956,NO,CAR,NO,CAR,0.5162255293132136,0.48377447068678636,False
2022,2,18,401437958,PIT,CLE,PIT,PIT,0.5064248488392414,0.49357515116075856,True
2022,2,18,401437960,DEN,LAC,LAC,DEN,0.489313408906177,0.510686591093823,False
2022,2,18,401437957,PHI,NYG,PHI,PHI,0.6147890737497729,0.3852109262502271,True
2022,2,18,401437962,SF,ARI,SF,SF,0.6178043003444237,0.3821956996555763,True
2022,2,18,401437963,SEA,LAR,SEA,SEA,0.5436763523693795,0.4563236476306205,True
2022,2,18,401437959,WSH,DAL,DAL,WSH,0.4197290222733993,0.5802709777266006,False
2022,2,18,401437952,GB,DET,GB,DET,0.5332872213945978,0.46671277860540217,False
2022,3,1,401438000,SF,SEA,SF,SF,0.6171545153686534,0.3828454846313466,True
2022,3,1,401437998,JAX,LAC,JAX,JAX,0.5151173065380763,0.4848826934619237,True
2022,3,1,401438002,BUF,MIA,BUF,BUF,0.6024776261423691,0.3975223738576309,True
2022,3,1,401438001,MIN,NYG,MIN,NYG,0.52354095967278,0.47645904032722,False
2022,3,1,401437999,CIN,BAL,CIN,CIN,0.526526232334451,0.47347376766554905,True
2022,3,1,401438003,TB,DAL,DAL,DAL,0.4451216609825708,0.5548783390174292,True
2022,3,2,401438005,KC,JAX,KC,KC,0.5621237745483012,0.4378762254516988,True
2022,3,2,401438004,PHI,NYG,PHI,PHI,0.6062286311219386,0.3937713688780614,True
2022,3,2,401438007,BUF,CIN,BUF,CIN,0.5491943112636057,0.45080568873639426,False
2022,3,2,401438006,SF,DAL,SF,SF,0.5486614571342228,0.45133854286577724,True
2022,3,3,401438009,PHI,SF,SF,PHI,0.4966953966793518,0.5033046033206482,False
2022,3,3,401438008,KC,CIN,KC,KC,0.5138377919545076,0.48616220804549237,True
2022,3,5,401438030,PHI,KC,PHI,KC,0.5600731766297132,0.43992682337028677,False
2023,2,1,401547353,KC,DET,KC,DET,0.5409721379689368,0.45902786203106316,False
2023,2,1,401547403,ATL,CAR,ATL,ATL,0.5176029495512527,0.48239705044874726,True
2023,2,1,401547397,CLE,CIN,CIN,CLE,0.4705069841418025,0.5294930158581975,False
2023,2,1,401547404,IND,JAX,JAX,JAX,0.43386044112402555,0.5661395588759744,True
2023,2,1,401547398,MIN,TB,MIN,TB,0.5330777483793748,0.4669222516206252,False
2023,2,1,401547399,NO,TEN,NO,NO,0.5012024651324027,0.49879753486759726,True
2023,2,1,401547405,PIT,SF,SF,SF,0.4207041080237395,0.5792958919762605,True
2023,2,1,401547406,WSH,ARI,WSH,WSH,0.5564154665083559,0.44358453349164406,True
2023,2,1,401547396,BAL,HOU,BAL,BAL,0.6259726868744864,0.3740273131255136,True
2023,2,1,401547407,CHI,GB,GB,GB,0.45660539673231904,0.543394603267681,True
2023,2,1,401547400,DEN,LV,DEN,LV,0.5399701836566452,0.4600298163433548,False
2023,2,1,401547402,NE,PHI,PHI,PHI,0.4397625128780227,0.5602374871219773,True
2023,2,1,401547401,LAC,MIA,LAC,MIA,0.5454449543293791,0.4545550456706209,False
2023,2,1,401547408,SEA,LAR,SEA,LAR,0.5379417655984936,0.4620582344015064,False
2023,2,1,401547409,NYG,DAL,DAL,DAL,0.4419302357383118,0.5580697642616882,True
2023,2,1,401547352,NYJ,BUF,BUF,NYJ,0.4299987535731473,0.5700012464268527,False
2023,2,2,401547410,PHI,MIN,PHI,PHI,0.6241300286919358,0.3758699713080642,True
2023,2,2,401547417,ATL,GB,GB,ATL,0.4862504733141769,0.5137495266858231,False
2023,2,2,401547411,BUF,LV,BUF,BUF,0.588696579786306,0.41130342021369404,True
2023,2,2,401547412,CIN,BAL,CIN,BAL,0.5105878484321698,0.48941215156783024,False
2023,2,2,401547418,DET,SEA,DET,SEA,0.5569853948706813,0.4430146051293187,False
2023,2,2,401547414,TEN,LAC,LAC,TEN,0.4738131583171832,0.5261868416828168,False
2023,2,2,401547420,TB,CHI,TB,TB,0.5531317012898403,0.44686829871015965,True
2023,2,2,401547413,JAX,KC,KC,KC,0.48166674442611945,0.5183332555738805,True
2023,2,2,401547419,HOU,IND,HOU,IND,0.5122676190363391,0.4877323809636609,False
2023,2,2,401547422,LAR,SF,SF,SF,0.3742925347950636,0.6257074652049364,True
2023,2,2,401547421,ARI,NYG,NYG,NYG,0.4950540043140069,0.5049459956859931,True
2023,2,2,401547415,DAL,NYJ,DAL,DAL,0.5988647522776076,0.4011352477223924,True
2023,2,2,401547416,DEN,WSH,DEN,WSH,0.5116135386291929,0.4883864613708071,False
2023,2,2,401547423,NE,MIA,NE,MIA,0.5594447243551381,0.44055527564486185,False
2023,2,2,401547425,CAR,NO,CAR,NO,0.5121152719996351,0.48788472800036486,False
2023,2,2,401547424,PIT,CLE,PIT,PIT,0.5011536563452659,0.4988463436547341,True
2023,2,3,401547426,SF,NYG,SF,SF,0.6480235040377632,0.3519764959622368,True
2023,2,3,401547428,CLE,TEN,CLE,CLE,0.543638583037952,0.456361416962048,True
2023,2,3,401547433,DET,ATL,DET,DET,0.5349600911926676,0.46503990880733237,True
2023,2,3,401547434,GB,NO,GB,GB,0.5418061029287186,0.45819389707128144,True
2023,2,3,401547429,MIA,DEN,MIA,MIA,0.5136182039492676,0.4863817960507324,True
2023,2,3,401547436,MIN,LAC,LAC,LAC,0.46308165486643366,0.5369183451335664,True
2023,2,3,401547430,NYJ,NE,NE,NE,0.47099478493729985,0.5290052150627002,True
2023,2,3,401547431,WSH,BUF,BUF,BUF,0.455802580391065,0.544197419608935,True
2023,2,3,401547435,JAX,HOU,JAX,HOU,0.6029472768383585,0.39705272316164153,False
2023,2,3,401547427,BAL,IND,BAL,IND,0.6258682203915994,0.3741317796084006,False
2023,2,3,401547432,SEA,CAR,SEA,SEA,0.5367337833090454,0.4632662166909546,True
2023,2,3,401547438,KC,CHI,KC,KC,0.6055605040149895,0.3944394959850105,True
2023,2,3,401547437,ARI,DAL,DAL,ARI,0.3999493551956414,0.6000506448043585,False
2023,2,3,401547439,LV,PIT,PIT,PIT,0.46357518077907894,0.5364248192209211,True
2023,2,3,401547440,TB,PHI,PHI,PHI,0.40058355557233455,0.5994164444276655,True
2023,2,3,401547441,CIN,LAR,CIN,CIN,0.5724213536283388,0.4275786463716612,True
2023,2,4,401547442,GB,DET,GB,DET,0.5092767274899505,0.49072327251004955,False
2023,2,4,401547227,JAX,ATL,JAX,JAX,0.5352554836799293,0.46474451632007074,True
2023,2,4,401547443,BUF,MIA,BUF,BUF,0.5703903204616992,0.42960967953830076,True
2023,2,4,401547444,CHI,DEN,DEN,DEN,0.48205836138229335,0.5179416386177067,True
2023,2,4,401547445,CLE,BAL,BAL,BAL,0.4942947499125966,0.5057052500874034,True
2023,2,4,401547452,TEN,CIN,CIN,TEN,0.46054061588575035,0.5394593841142497,False
2023,2,4,401547449,IND,LAR,LAR,LAR,0.4958567995589813,0.5041432004410187,True
2023,2,4,401547450,NO,TB,NO,TB,0.5050567449899014,0.4949432550100986,False
2023,2,4,401547451,PHI,WSH,PHI,PHI,0.6430241360757578,0.3569758639242422,True
2023,2,4,401547448,CAR,MIN,CAR,MIN,0.5177298614855563,0.48227013851444367,False
2023,2,4,401547446,HOU,PIT,PIT,HOU,0.4474757166996117,0.5525242833003883,False
2023,2,4,401547447,LAC,LV,LAC,LAC,0.59701336381858,0.40298663618142005,True
2023,2,4,401547453,DAL,NE,DAL,DAL,0.5806075578630113,0.4193924421369887,True
2023,2,4,401547454,SF,ARI,SF,SF,0.6580921885370208,0.3419078114629792,True
2023,2,4,401547455,NYJ,KC,KC,KC,0.4221127621493533,0.5778872378506468,True
2023,2,4,401547456,NYG,SEA,SEA,SEA,0.4955207952643862,0.5044792047356138,True
2023,2,5,401547457,WSH,CHI,WSH,CHI,0.566762079514013,0.43323792048598697,False
2023,2,5,401547228,BUF,JAX,BUF,JAX,0.5784473445209685,0.42155265547903154,False
2023,2,5,401547463,ATL,HOU,ATL,ATL,0.5340241065393383,0.4659758934606617,True
2023,2,5,401547464,DET,CAR,DET,DET,0.5816899273173898,0.4183100726826102,True
2023,2,5,401547458,IND,TEN,TEN,IND,0.4754564820621011,0.5245435179378989,False
2023,2,5,401547465,MIA,NYG,MIA,MIA,0.5571774643002815,0.4428225356997185,True
2023,2,5,401547459,NE,NO,NE,NO,0.5452738472833749,0.4547261527166251,False
2023,2,5,401547460,PIT,BAL,BAL,PIT,0.46012519582373756,0.5398748041762624,False
2023,2,5,401547467,LAR,PHI,PHI,PHI,0.3769755080493631,0.6230244919506369,True
2023,2,5,401547466,ARI,CIN,CIN,CIN,0.46869484985361454,0.5313051501463855,True
2023,2,5,401547461,DEN,NYJ,DEN,NYJ,0.514504242052197,0.485495757947803,False
2023,2,5,401547462,MIN,KC,KC,KC,0.42963013050696025,0.5703698694930397,True
2023,2,5,401547354,SF,DAL,SF,SF,0.5302084562679784,0.4697915437320216,True
2023,2,5,401547468,LV,GB,GB,LV,0.44422908969630115,0.5557709103036989,False
2023,2,6,401547469,KC,DEN,KC,KC,0.6069820275510147,0.3930179724489853,True
2023,2,6,401547229,TEN,BAL,BAL,BAL,0.44730348103694706,0.5526965189630529,True
2023,2,6,401547470,ATL,WSH,ATL,WSH,0.5296194536771771,0.4703805463228229,False
2023,2,6,401547475,CHI,MIN,MIN,MIN,0.495557886896409,0.504442113103591,True
2023,2,6,401547471,CIN,SEA,CIN,CIN,0.5314510602150466,0.4685489397849534,True
2023,2,6,401547476,CLE,SF,SF,CLE,0.38447615819006364,0.6155238418099364,False
2023,2,6,401547473,MIA,CAR,MIA,MIA,0.568230374955762,0.431769625044238,True
2023,2,6,401547472,JAX,IND,JAX,JAX,0.5833794654599427,0.4166205345400573,True
2023,2,6,401547477,HOU,NO,NO,HOU,0.48208380070629064,0.5179161992937094,False
2023,2,6,401547474,LV,NE,NE,LV,0.4783218035662836,0.5216781964337164,False
2023,2,6,401547479,LAR,ARI,LAR,LAR,0.5221760504550802,0.4778239495449198,True
2023,2,6,401547480,NYJ,PHI,PHI,NYJ,0.3800863103160699,0.6199136896839301,False
2023,2,6,401547478,TB,DET,DET,DET,0.48588268358664655,0.5141173164133535,True
2023,2,6,401547481,BUF,NYG,BUF,BUF,0.6397335924685097,0.3602664075314903,True
2023,2,6,401547482,LAC,DAL,DAL,DAL,0.47198248682026533,0.5280175131797347,True
2023,2,7,401547483,NO,JAX,JAX,JAX,0.4771513171476691,0.5228486828523309,True
2023,2,7,401547490,CHI,LV,CHI,CHI,0.5089076632956535,0.4910923367043465,True
2023,2,7,401547484,IND,CLE,CLE,CLE,0.46510048008971394,0.5348995199102861,True
2023,2,7,401547485,NE,BUF,BUF,NE,0.4189976277774904,0.5810023722225096,False
2023,2,7,401547486,NYG,WSH,NYG,NYG,0.5005942411137358,0.49940575888626415,True
2023,2,7,401547491,TB,ATL,TB,ATL,0.5508660716146737,0.4491339283853263,False
2023,2,7,401547489,BAL,DET,BAL,BAL,0.5121784468963901,0.48782155310360986,True
2023,2,7,401547492,LAR,PIT,PIT,PIT,0.49680324500753686,0.5031967549924632,True
2023,2,7,401547493,SEA,ARI,SEA,SEA,0.5636011797016115,0.4363988202983885,True
2023,2,7,401547487,DEN,GB,GB,DEN,0.4692595755941316,0.5307404244058684,False
2023,2,7,401547488,KC,LAC,KC,KC,0.5401130489539577,0.45988695104604227,True
2023,2,7,401547494,PHI,MIA,PHI,PHI,0.5869120799048465,0.4130879200951535,True
2023,2,7,401547495,MIN,SF,SF,MIN,0.3584725167822682,0.6415274832177318,False
2023,2,8,401547496,BUF,TB,BUF,BUF,0.578213859471912,0.42178614052808805,True
2023,2,8,401547505,DAL,LAR,DAL,DAL,0.6155304112570142,0.38446958874298576,True
2023,2,8,401547506,GB,MIN,GB,MIN,0.5243629875589659,0.47563701244103407,False
2023,2,8,401547500,TEN,ATL,TEN,TEN,0.5146503197535134,0.4853496802464866,True
2023,2,8,401547507,IND,NO,NO,NO,0.46799218732213965,0.5320078126778603,True
2023,2,8,401547497,MIA,NE,MIA,MIA,0.5490911031665074,0.45090889683349256,True
2023,2,8,401547498,NYG,NYJ,NYJ,NYJ,0.4807419289594834,0.5192580710405166,True
2023,2,8,401547499,PIT,JAX,JAX,JAX,0.48530271562119437,0.5146972843788056,True
2023,2,8,401547508,WSH,PHI,PHI,PHI,0.4005872785227487,0.5994127214772513,True
2023,2,8,401547504,CAR,HOU,HOU,CAR,0.4803535592134617,0.5196464407865383,False
2023,2,8,401547509,SEA,CLE,SEA,SEA,0.5149567744879439,0.48504322551205614,True
2023,2,8,401547502,DEN,KC,KC,DEN,0.404638570958785,0.595361429041215,False
2023,2,8,401547501,ARI,BAL,BAL,BAL,0.4294325319751221,0.5705674680248779,True
2023,2,8,401547503,SF,CIN,SF,CIN,0.6130929534947726,0.38690704650522745,False
2023,2,8,401547510,LAC,CHI,LAC,LAC,0.5758169488716933,0.4241830511283067,True
2023,2,8,401547511,DET,LV,DET,DET,0.6225125065065521,0.3774874934934479,True
2023,2,9,401547512,PIT,TEN,PIT,PIT,0.5448028310461319,0.4551971689538681,True
2023,2,9,401547230,KC,MIA,KC,KC,0.5338954832466772,0.46610451675332276,True
2023,2,9,401547518,ATL,MIN,ATL,MIN,0.5084553151655786,0.4915446848344214,False
2023,2,9,401547514,CLE,ARI,CLE,CLE,0.5503548199191282,0.44964518008087184,True
2023,2,9,401547519,GB,LAR,GB,GB,0.5216528279551509,0.4783471720448491,True
2023,2,9,401547520,NE,WSH,NE,WSH,0.5128101290144452,0.4871898709855548,False
2023,2,9,401547516,NO,CHI,NO,NO,0.5679331427273147,0.43206685727268535,True
2023,2,9,401547513,BAL,SEA,BAL,BAL,0.5687959928392984,0.4312040071607016,True
2023,2,9,401547515,HOU,TB,TB,HOU,0.49060663582759323,0.5093933641724068,False
2023,2,9,401547517,CAR,IND,CAR,IND,0.5170148936667762,0.4829851063332238,False
2023,2,9,401547521,LV,NYG,NYG,LV,0.47420425297407054,0.5257957470259295,False
2023,2,9,401547522,PHI,DAL,PHI,PHI,0.510223703462407,0.489776296537593,True
2023,2,9,401547523,CIN,BUF,BUF,CIN,0.47665852161928984,0.5233414783807102,False
2023,2,9,401547524,NYJ,LAC,LAC,LAC,0.4710663551881768,0.5289336448118231,True
2023,2,10,401547525,CHI,CAR,CHI,CHI,0.5118994027761037,0.4881005972238963,True
2023,2,10,401547231,NE,IND,NE,IND,0.5244514020794555,0.4755485979205445,False
2023,2,10,401547526,CIN,HOU,CIN,HOU,0.5643076015246377,0.43569239847536234,False
2023,2,10,401547533,MIN,NO,NO,MIN,0.47573202350399446,0.5242679764960055,False
2023,2,10,401547527,PIT,GB,PIT,PIT,0.5310318824844076,0.4689681175155924,True
2023,2,10,401547528,TB,TEN,TB,TB,0.5504222553979718,0.44957774460202815,True
2023,2,10,401547532,JAX,SF,SF,SF,0.45570511166284383,0.5442948883371561,True
2023,2,10,401547531,BAL,CLE,BAL,CLE,0.5657627702742375,0.4342372297257625,False
2023,2,10,401547529,ARI,ATL,ATL,ARI,0.4888261176122728,0.5111738823877272,False
2023,2,10,401547530,LAC,DET,LAC,DET,0.5182104125038317,0.4817895874961683,False
2023,2,10,401547534,DAL,NYG,DAL,DAL,0.6458383170456652,0.3541616829543348,True
2023,2,10,401547535,SEA,WSH,SEA,SEA,0.5288197846439373,0.4711802153560627,True
2023,2,10,401547536,LV,NYJ,NYJ,LV,0.48582736325143905,0.514172636748561,False
2023,2,10,401547537,BUF,DEN,BUF,DEN,0.5983678401118342,0.4016321598881658,False
2023,2,11,401547538,BAL,CIN,BAL,BAL,0.5597633070687628,0.44023669293123724,True
2023,2,11,401547539,CLE,PIT,CLE,CLE,0.5399613190055076,0.4600386809944924,True
2023,2,11,401547546,DET,CHI,DET,DET,0.6089037956420006,0.3910962043579994,True
2023,2,11,401547547,GB,LAC,LAC,GB,0.46358880858491613,0.5364111914150839,False
2023,2,11,401547542,MIA,LV,MIA,MIA,0.597659899109155,0.40234010089084504,True
2023,2,11,401547548,WSH,NYG,WSH,NYG,0.5467819482510918,0.45321805174890817,False
2023,2,11,401547545,CAR,DAL,DAL,DAL,0.36808715222086913,0.6319128477791309,True
2023,2,11,401547541,JAX,TEN,JAX,JAX,0.5562998531767347,0.4437001468232653,True
2023,2,11,401547540,HOU,ARI,HOU,HOU,0.5606870902763577,0.43931290972364234,True
2023,2,11,401547549,SF,TB,SF,SF,0.6307912939067299,0.36920870609327006,True
2023,2,11,401547543,BUF,NYJ,BUF,BUF,0.5797117264137616,0.42028827358623844,True
2023,2,11,401547544,LAR,SEA,SEA,LAR,0.4843543993158709,0.5156456006841291,False
2023,2,11,401547550,DEN,MIN,MIN,DEN,0.48967934706048366,0.5103206529395163,False
2023,2,11,401547345,KC,PHI,PHI,PHI,0.48104904972433826,0.5189509502756617,True
2023,2,12,401547552,DET,GB,DET,GB,0.5710307984516194,0.4289692015483806,False
2023,2,12,401547551,DAL,WSH,DAL,DAL,0.6480955769778141,0.35190442302218594,True
2023,2,12,401547553,SEA,SF,SF,SF,0.38659363040138195,0.613406369598618,True
2023,2,12,401547242,NYJ,MIA,MIA,MIA,0.44248838613985353,0.5575116138601465,True
2023,2,12,401547559,ATL,NO,NO,ATL,0.47406731840138006,0.5259326815986199,False
2023,2,12,401547554,CIN,PIT,CIN,PIT,0.5161589869313097,0.4838410130686903,False
2023,2,12,401547561,TEN,CAR,TEN,TEN,0.5399172203318112,0.4600827796681888,True
2023,2,12,401547556,IND,TB,TB,IND,0.49064212756012704,0.509357872439873,False
2023,2,12,401547560,NYG,NE,NYG,NYG,0.5097499841934622,0.4902500158065378,True
2023,2,12,401547555,HOU,JAX,JAX,JAX,0.4909143175941658,0.5090856824058342,True
2023,2,12,401547563,DEN,CLE,CLE,DEN,0.46446992653387187,0.5355300734661281,False
2023,2,12,401547562,ARI,LAR,LAR,LAR,0.49390677860788,0.50609322139212,True
2023,2,12,401547557,LV,KC,KC,KC,0.4188850837798187,0.5811149162201813,True
2023,2,12,401547558,PHI,BUF,PHI,PHI,0.5247314809094243,0.47526851909057566,True
2023,2,12,401547564,LAC,BAL,BAL,BAL,0.47534111379681465,0.5246588862031853,True
2023,2,12,401547565,MIN,CHI,MIN,CHI,0.539442766506592,0.46055723349340805,False
2023,2,13,401547566,DAL,SEA,DAL,DAL,0.6253551974069527,0.37464480259304733,True
2023,2,13,401547570,TEN,IND,IND,IND,0.49619329415092067,0.5038067058490794,True
2023,2,13,401547567,NE,LAC,LAC,LAC,0.4694146072419089,0.530585392758091,True
2023,2,13,401547572,NO,DET,NO,DET,0.5053628624028159,0.4946371375971841,False
2023,2,13,401547573,NYJ,ATL,ATL,ATL,0.48511902719055244,0.5148809728094476,True
2023,2,13,401547568,PIT,ARI,PIT,ARI,0.5991312449599073,0.4008687550400927,False
2023,2,13,401547574,WSH,MIA,MIA,MIA,0.4176194413954042,0.5823805586045958,True
2023,2,13,401547571,HOU,DEN,HOU,HOU,0.5295956235956876,0.47040437640431243,True
2023,2,13,401547569,TB,CAR,TB,TB,0.5829857190380645,0.4170142809619355,True
2023,2,13,401547575,LAR,CLE,CLE,LAR,0.4876534345155177,0.5123465654844823,False
2023,2,13,401547276,PHI,SF,SF,SF,0.439891304292389,0.560108695707611,True
2023,2,13,401547576,GB,KC,KC,GB,0.47899932041960414,0.5210006795803959,False
2023,2,13,401547577,JAX,CIN,JAX,CIN,0.5366146748537844,0.46338532514621555,False
2023,2,14,401547578,PIT,NE,PIT,NE,0.5812994017273332,0.4187005982726668,False
2023,2,14,401547579,ATL,TB,ATL,TB,0.5163778285411413,0.48362217145885866,False
2023,2,14,401547586,CHI,DET,DET,CHI,0.4636420087966211,0.5363579912033789,False
2023,2,14,401547580,CIN,IND,CIN,CIN,0.5311365160461412,0.4688634839538588,True
2023,2,14,401547581,CLE,JAX,CLE,CLE,0.5018480092900206,0.4981519907099794,True
2023,2,14,401547587,NO,CAR,NO,NO,0.6024301449781084,0.39756985502189157,True
2023,2,14,401547582,NYJ,HOU,HOU,NYJ,0.44155331419775445,0.5584466858022455,False
2023,2,14,401547585,BAL,LAR,BAL,BAL,0.6186636236365223,0.3813363763634777,True
2023,2,14,401547588,LV,MIN,MIN,MIN,0.46611381836697896,0.533886181633021,True
2023,2,14,401547589,SF,SEA,SF,SF,0.6651312430635731,0.3348687569364269,True
2023,2,14,401547583,KC,BUF,BUF,BUF,0.4841866024847534,0.5158133975152466,True
2023,2,14,401547584,LAC,DEN,LAC,DEN,0.5452509457437908,0.45474905425620915,False
2023,2,14,401547590,DAL,PHI,DAL,DAL,0.5815184179667708,0.41848158203322916,True
2023,2,14,401547592,MIA,TEN,MIA,TEN,0.602318917929771,0.397681082070229,False
2023,2,14,401547591,NYG,GB,GB,NYG,0.4751868517446796,0.5248131482553204,False
2023,2,15,401547593,LV,LAC,LAC,LV,0.4416908104117615,0.5583091895882385,False
2023,2,15,401547604,CIN,MIN,CIN,CIN,0.5243887925521667,0.47561120744783325,True
2023,2,15,401547607,IND,PIT,PIT,IND,0.4795270464396773,0.5204729535603227,False
2023,2,15,401547606,DET,DEN,DET,DET,0.5468994206230777,0.4531005793769223,True
2023,2,15,401547605,CLE,CHI,CLE,CLE,0.5308771190909466,0.4691228809090534,True
2023,2,15,401547598,GB,TB,GB,TB,0.5118988824803998,0.48810111751960017,False
2023,2,15,401547595,TEN,HOU,HOU,HOU,0.44739562250589926,0.5526043774941007,True
2023,2,15,401547594,MIA,NYJ,MIA,MIA,0.6232316673938461,0.37676833260615394,True
2023,2,15,401547608,NE,KC,KC,KC,0.45278767602901926,0.5472123239709807,True
2023,2,15,401547599,NO,NYG,NO,NO,0.5692589077403136,0.4307410922596864,True
2023,2,15,401547603,CAR,ATL,ATL,CAR,0.44892558390576387,0.5510744160942361,False
2023,2,15,401547597,LAR,WSH,LAR,LAR,0.5933292422682935,0.40667075773170647,True
2023,2,15,401547596,ARI,SF,SF,SF,0.3331170340251942,0.6668829659748058,True
2023,2,15,401547600,BUF,DAL,DAL,BUF,0.46333675760932225,0.5366632423906778,False
2023,2,15,401547602,JAX,BAL,BAL,BAL,0.44050247269806586,0.5594975273019341,True
2023,2,15,401547601,SEA,PHI,PHI,SEA,0.4730831810071279,0.5269168189928721,False
2023,2,16,401547609,LAR,NO,NO,LAR,0.49214188956476107,0.5078581104352389,False
2023,2,16,401547610,PIT,CIN,CIN,PIT,0.4965033434415256,0.5034966565584744,False
2023,2,16,401547611,LAC,BUF,BUF,BUF,0.4243192068550081,0.5756807931449919,True
2023,2,16,401547616,ATL,IND,ATL,ATL,0.5050057306208446,0.49499426937915536,True
2023,2,16,401547614,TEN,SEA,SEA,SEA,0.48941327635546483,0.5105867236445352,True
2023,2,16,401547618,MIN,DET,DET,DET,0.47879074418710255,0.5212092558128975,True
2023,2,16,401547613,NYJ,WSH,NYJ,NYJ,0.5236126482923136,0.4763873517076864,True
2023,2,16,401547617,CAR,GB,GB,GB,0.4628758406964827,0.5371241593035173,True
2023,2,16,401547612,HOU,CLE,HOU,CLE,0.5259215719780352,0.47407842802196476,False
2023,2,16,401547615,TB,JAX,TB,TB,0.5179854646590274,0.4820145353409726,True
2023,2,16,401547619,CHI,ARI,CHI,CHI,0.559732992208964,0.440267007791036,True
2023,2,16,401547620,MIA,DAL,MIA,MIA,0.5023599418376576,0.49764005816234236,True
2023,2,16,401547621,DEN,NE,DEN,NE,0.5348327400174846,0.4651672599825154,False
2023,2,16,401547351,KC,LV,KC,LV,0.5808792861460449,0.4191207138539551,False
2023,2,16,401547241,PHI,NYG,PHI,PHI,0.5661983692279577,0.43380163077204226,True
2023,2,16,401547622,SF,BAL,SF,BAL,0.5561567259299298,0.4438432740700702,False
2023,2,17,401547623,CLE,NYJ,CLE,CLE,0.5976618131660207,0.40233818683397926,True
2023,2,17,401547624,DAL,DET,DAL,DAL,0.5599530393994334,0.4400469606005666,True
2023,2,17,401547626,BUF,NE,BUF,BUF,0.6103862166807478,0.3896137833192522,True
2023,2,17,401547627,CHI,ATL,CHI,CHI,0.5190990312899905,0.48090096871000954,True
2023,2,17,401547628,IND,LV,IND,IND,0.5396666113611772,0.4603333886388228,True
2023,2,17,401547632,NYG,LAR,LAR,LAR,0.470700085492168,0.529299914507832,True
2023,2,17,401547633,PHI,ARI,PHI,ARI,0.5725129302593852,0.4274870697406148,False
2023,2,17,401547634,TB,NO,TB,NO,0.5259428495584157,0.47405715044158425,False
2023,2,17,401547635,WSH,SF,SF,SF,0.33831520473050275,0.6616847952694973,True
2023,2,17,401547629,JAX,CAR,JAX,JAX,0.5535945818947653,0.4464054181052347,True
2023,2,17,401547625,BAL,MIA,BAL,BAL,0.5392560838659795,0.46074391613402055,True
2023,2,17,401547631,HOU,TEN,HOU,HOU,0.5799233125948122,0.4200766874051878,True
2023,2,17,401547636,SEA,PIT,PIT,PIT,0.4823319672503428,0.5176680327496572,True
2023,2,17,401547630,DEN,LAC,DEN,DEN,0.5057598130849676,0.49424018691503235,True
2023,2,17,401547235,KC,CIN,KC,KC,0.5292417811536771,0.47075821884632285,True
2023,2,17,401547637,MIN,GB,MIN,GB,0.5106606795248343,0.4893393204751657,False
2023,2,18,401547639,BAL,PIT,BAL,PIT,0.6104166795149888,0.3895833204850112,False
2023,2,18,401547644,IND,HOU,HOU,HOU,0.48069586292333355,0.5193041370766664,True
2023,2,18,401547641,CIN,CLE,CLE,CIN,0.49213496209504276,0.5078650379049572,False
2023,2,18,401547642,DET,MIN,DET,DET,0.5800367067188161,0.41996329328118387,True
2023,2,18,401547652,TEN,JAX,JAX,TEN,0.46971160777511434,0.5302883922248857,False
2023,2,18,401547648,NE,NYJ,NE,NYJ,0.5327859760416671,0.4672140239583329,False
2023,2,18,401547649,NO,ATL,NO,NO,0.5669040760363414,0.4330959239636586,True
2023,2,18,401547640,CAR,TB,TB,TB,0.439536448612296,0.560463551387704,True
2023,2,18,401547643,GB,CHI,GB,GB,0.5016823101042631,0.4983176898957369,True
2023,2,18,401547646,LV,DEN,LV,LV,0.5018957419330388,0.49810425806696124,True
2023,2,18,401547650,NYG,PHI,PHI,NYG,0.4739807927308854,0.5260192072691146,False
2023,2,18,401547638,ARI,SEA,SEA,SEA,0.4972489487003205,0.5027510512996796,True
2023,2,18,401547645,LAC,KC,KC,KC,0.4853585628027698,0.5146414371972302,True
2023,2,18,401547651,SF,LAR,SF,LAR,0.63322694272227,0.36677305727773,False
2023,2,18,401547653,WSH,DAL,DAL,DAL,0.3556348690006026,0.6443651309993974,True
2023,2,18,401547647,MIA,BUF,MIA,BUF,0.513311051418424,0.48668894858157596,False
2023,3,1,401547749,HOU,CLE,HOU,HOU,0.5263239886119888,0.4736760113880112,True
2023,3,1,401547750,KC,MIA,MIA,KC,0.4673784617596185,0.5326215382403815,False
2023,3,1,401547752,DAL,GB,DAL,GB,0.5998138886331419,0.4001861113668581,False
2023,3,1,401547753,DET,LAR,DET,DET,0.5583938725724202,0.44160612742757976,True
2023,3,1,401547751,BUF,PIT,BUF,BUF,0.5618873546587048,0.43811264534129524,True
2023,3,1,401547754,TB,PHI,TB,TB,0.5334559175350148,0.46654408246498524,True
2023,3,2,401547755,BAL,HOU,BAL,BAL,0.5865503633090224,0.41344963669097756,True
2023,3,2,401547756,SF,GB,SF,SF,0.6193863245398897,0.38061367546011027,True
2023,3,2,401547757,DET,TB,DET,DET,0.5345765413986634,0.4654234586013366,True
2023,3,2,401547758,BUF,KC,BUF,KC,0.5671227020859896,0.4328772979140104,False
2023,3,3,401547379,BAL,KC,BAL,KC,0.6077299983949068,0.3922700016050932,False
2023,3,3,401547380,SF,DET,SF,SF,0.5823265340535914,0.41767346594640864,True
2023,3,5,401547378,KC,SF,SF,KC,0.4251109447557756,0.5748890552442244,False
2024,2,1,401671789,KC,BAL,BAL,KC,0.4302786087442721,0.569721391255728,False
2024,2,1,401671805,PHI,GB,GB,PHI,0.47937102601241005,0.52062897398759,False
2024,2,1,401671744,ATL,PIT,PIT,PIT,0.4698751742545645,0.5301248257454355,True
2024,2,1,401671617,BUF,ARI,BUF,BUF,0.6186871192223452,0.3813128807776548,True
2024,2,1,401671719,CHI,TEN,CHI,CHI,0.5872749214813251,0.4127250785186749,True
2024,2,1,401671628,CIN,NE,CIN,NE,0.5757892145651871,0.42421078543481294,False
2024,2,1,401671861,IND,HOU,HOU,HOU,0.4721651367770444,0.5278348632229556,True
2024,2,1,401671849,MIA,JAX,MIA,MIA,0.5778185278896664,0.42218147211033363,True
2024,2,1,401671734,NO,CAR,NO,NO,0.647496210044811,0.35250378995518905,True
2024,2,1,401671712,NYG,MIN,NYG,MIN,0.5146409084261111,0.4853590915738889,False
2024,2,1,401671659,LAC,LV,LAC,LAC,0.5198616077202612,0.48013839227973876,True
2024,2,1,401671664,SEA,DEN,SEA,SEA,0.5151274373545429,0.4848725626454571,True
2024,2,1,401671761,CLE,DAL,DAL,DAL,0.4368581685720435,0.5631418314279565,True
2024,2,1,401671770,TB,WSH,TB,TB,0.6453048590642583,0.3546951409357417,True
2024,2,1,401671792,DET,LAR,DET,DET,0.5560532406059262,0.4439467593940738,True
2024,2,1,401671696,SF,NYJ,SF,SF,0.6592513388306525,0.34074866116934754,True
2024,2,2,401671807,MIA,BUF,MIA,BUF,0.5020885614925079,0.4979114385074921,False
2024,2,2,401671709,DAL,NO,DAL,NO,0.532407659764295,0.46759234023570495,False
2024,2,2,401671721,DET,TB,DET,TB,0.5406020300161313,0.4593979699838687,False
2024,2,2,401671723,GB,IND,GB,GB,0.5263804530778285,0.47361954692217145,True
2024,2,2,401671636,TEN,NYJ,TEN,NYJ,0.525893942405895,0.47410605759410496,False
2024,2,2,401671645,MIN,SF,SF,MIN,0.3892419189910319,0.6107580810089681,False
2024,2,2,401671702,NE,SEA,SEA,SEA,0.48334630572434933,0.5166536942756507,True
2024,2,2,401671716,WSH,NYG,NYG,WSH,0.44015400879173705,0.559845991208263,False
2024,2,2,401671652,CAR,LAC,LAC,LAC,0.43019781412731883,0.5698021858726812,True
2024,2,2,401671635,JAX,CLE,JAX,CLE,0.5077406821164616,0.4922593178835384,False
2024,2,2,401671624,BAL,LV,BAL,LV,0.6471439014179787,0.35285609858202127,False
2024,2,2,401671754,ARI,LAR,LAR,ARI,0.4749556974579876,0.5250443025420124,False
2024,2,2,401671668,DEN,PIT,PIT,PIT,0.46126446833256274,0.5387355316674373,True
2024,2,2,401671670,KC,CIN,KC,KC,0.5351678122345597,0.46483218776544033,True
2024,2,2,401671786,HOU,CHI,HOU,HOU,0.5301851914231521,0.4698148085768479,True
2024,2,2,401671691,PHI,ATL,PHI,ATL,0.5285460505990129,0.47145394940098706,False
2024,2,3,401671808,NYJ,NE,NYJ,NYJ,0.5206505700574324,0.4793494299425676,True
2024,2,3,401671855,CLE,NYG,CLE,NYG,0.5558107521119762,0.44418924788802383,False
2024,2,3,401671823,TEN,GB,GB,GB,0.43827885185934845,0.5617211481406515,True
2024,2,3,401671865,IND,CHI,CHI,IND,0.48146686050683746,0.5185331394931625,False
2024,2,3,401671646,MIN,HOU,HOU,MIN,0.44764375919247973,0.5523562408075202,False
2024,2,3,401671736,NO,PHI,NO,PHI,0.6131490143731587,0.3868509856268413,False
2024,2,3,401671632,PIT,LAC,PIT,PIT,0.5421927139280628,0.4578072860719372,True
2024,2,3,401671741,TB,DEN,TB,DEN,0.576760571980236,0.423239428019764,False
2024,2,3,401671658,LV,CAR,LV,CAR,0.5726454030385945,0.42735459696140554,False
2024,2,3,401671662,SEA,MIA,MIA,SEA,0.4545665880832015,0.5454334119167985,False
2024,2,3,401671763,DAL,BAL,BAL,BAL,0.4909370634492979,0.5090629365507021,True
2024,2,3,401671772,LAR,SF,SF,LAR,0.4019701319571097,0.5980298680428904,False
2024,2,3,401671771,ARI,DET,DET,DET,0.4514659273986776,0.5485340726013224,True
2024,2,3,401671793,ATL,KC,KC,KC,0.4655078155891673,0.5344921844108327,True
2024,2,3,401671682,BUF,JAX,BUF,BUF,0.5901242022200779,0.4098757977799221,True
2024,2,3,401671490,CIN,WSH,CIN,WSH,0.6097192336058723,0.3902807663941277,False
2024,2,4,401671812,NYG,DAL,DAL,DAL,0.43358634546533326,0.5664136545346667,True
2024,2,4,401671727,ATL,NO,NO,ATL,0.40998509575102715,0.5900149042489728,False
2024,2,4,401671871,CHI,LAR,CHI,CHI,0.5421129053554804,0.4578870946445196,True
2024,2,4,401671643,GB,MIN,GB,MIN,0.5630612462657845,0.43693875373421553,False
2024,2,4,401671867,IND,PIT,PIT,IND,0.4665636793997387,0.5334363206002612,False
2024,2,4,401671622,NYJ,DEN,NYJ,DEN,0.5152455306172822,0.4847544693827178,False
2024,2,4,401671740,TB,PHI,TB,TB,0.5529296522350697,0.44707034776493026,True
2024,2,4,401671745,CAR,CIN,CIN,CIN,0.43093171003378816,0.5690682899662118,True
2024,2,4,401671857,HOU,JAX,HOU,HOU,0.5694033628138664,0.4305966371861336,True
2024,2,4,401671755,ARI,WSH,ARI,WSH,0.6006419458999578,0.3993580541000422,False
2024,2,4,401671758,SF,NE,SF,SF,0.668184691671791,0.33181530832820905,True
2024,2,4,401671672,LV,CLE,CLE,LV,0.48225483430016525,0.5177451656998348,False
2024,2,4,401671674,LAC,KC,LAC,KC,0.5103135403418556,0.4896864596581444,False
2024,2,4,401671783,BAL,BUF,BAL,BAL,0.5248403651107116,0.47515963488928836,True
2024,2,4,401671683,MIA,TEN,MIA,TEN,0.623776482552777,0.37622351744722304,False
2024,2,4,401671491,DET,SEA,DET,DET,0.576470310464432,0.423529689535568,True
2024,2,5,401671815,ATL,TB,TB,ATL,0.45600814977440574,0.5439918502255943,False
2024,2,5,401671804,MIN,NYJ,MIN,MIN,0.5491095052709749,0.4508904947290251,True
2024,2,5,401671872,CHI,CAR,CHI,CHI,0.6110105722414205,0.3889894277585795,True
2024,2,5,401671626,CIN,BAL,BAL,BAL,0.414642030536359,0.585357969463641,True
2024,2,5,401671700,NE,MIA,MIA,MIA,0.4188301033885262,0.5811698966114738,True
2024,2,5,401671718,WSH,CLE,CLE,WSH,0.45816584441012936,0.5418341555898707,False
2024,2,5,401671633,JAX,IND,IND,JAX,0.4957748592165712,0.5042251407834288,False
2024,2,5,401671859,HOU,BUF,BUF,HOU,0.47520544959426586,0.5247945504057341,False
2024,2,5,401671747,DEN,LV,DEN,DEN,0.5348339811613158,0.46516601883868425,True
2024,2,5,401671756,SF,ARI,SF,ARI,0.6451419720777105,0.3548580279222895,False
2024,2,5,401671679,LAR,GB,GB,GB,0.4585352505365804,0.5414647494634196,True
2024,2,5,401671680,SEA,NYG,SEA,NYG,0.5237165144746422,0.4762834855253578,False
2024,2,5,401671784,PIT,DAL,DAL,DAL,0.48461530456751256,0.5153846954324874,True
2024,2,5,401671687,KC,NO,NO,KC,0.4611524501221317,0.5388475498778683,False
2024,2,6,401671819,SEA,SF,SF,SF,0.4010638572735239,0.5989361427264761,True
2024,2,6,401671802,CHI,JAX,CHI,CHI,0.5807092612815576,0.41929073871844236,True
2024,2,6,401671722,GB,ARI,GB,GB,0.5806147285416552,0.4193852714583448,True
2024,2,6,401671820,TEN,IND,IND,IND,0.46316984055587046,0.5368301594441296,True
2024,2,6,401671619,NE,HOU,HOU,HOU,0.4278531909870239,0.5721468090129761,True
2024,2,6,401671735,NO,TB,NO,TB,0.5526223911690799,0.44737760883092015,False
2024,2,6,401671714,PHI,CLE,CLE,PHI,0.4962766059653797,0.5037233940346203,False
2024,2,6,401671625,BAL,WSH,BAL,BAL,0.6711677594582086,0.3288322405417914,True
2024,2,6,401671655,DEN,LAC,LAC,LAC,0.4911035213550124,0.5088964786449877,True
2024,2,6,401671657,LV,PIT,PIT,PIT,0.4345155329009246,0.5654844670990754,True
2024,2,6,401671764,DAL,DET,DAL,DET,0.5142341033906446,0.48576589660935543,False
2024,2,6,401671769,CAR,ATL,ATL,ATL,0.4582916533145737,0.5417083466854262,True
2024,2,6,401671791,NYG,CIN,NYG,CIN,0.5008734175419857,0.49912658245801433,False
2024,2,6,401671684,NYJ,BUF,BUF,BUF,0.41569331003341464,0.5843066899665854,True
2024,2,7,401671816,NO,DEN,NO,DEN,0.5722278958717855,0.42777210412821454,False
2024,2,7,401671801,JAX,NE,JAX,JAX,0.5479664762100647,0.45203352378993533,True
2024,2,7,401671730,ATL,SEA,ATL,SEA,0.5304450986113147,0.4695549013886853,False
2024,2,7,401671616,BUF,TEN,BUF,BUF,0.643487196040765,0.356512803959235,True
2024,2,7,401671853,CLE,CIN,CIN,CIN,0.4895912098932159,0.5104087901067841,True
2024,2,7,401671644,GB,HOU,GB,GB,0.5305940010358051,0.4694059989641949,True
2024,2,7,401671864,IND,MIA,MIA,IND,0.4876403727165913,0.5123596272834088,False
2024,2,7,401671724,MIN,DET,DET,DET,0.44332492955291747,0.5566750704470825,True
2024,2,7,401671710,NYG,PHI,NYG,PHI,0.5290857525623132,0.47091424743768684,False
2024,2,7,401671663,LAR,LV,LAR,LAR,0.5669404567231491,0.4330595432768509,True
2024,2,7,401671640,WSH,CAR,WSH,WSH,0.5491226151985387,0.45087738480146133,True
2024,2,7,401671777,SF,KC,SF,KC,0.6033671935088346,0.3966328064911654,False
2024,2,7,401671785,PIT,NYJ,PIT,PIT,0.5899894665755706,0.4100105334244294,True
2024,2,7,401671695,TB,BAL,BAL,BAL,0.44474104718575114,0.5552589528142489,True
2024,2,7,401671699,ARI,LAC,LAC,ARI,0.45447202542696996,0.54552797457303,False
2024,2,8,401671817,LAR,MIN,MIN,LAR,0.49452474440903205,0.505475255590968,False
2024,2,8,401671667,CIN,PHI,CIN,PHI,0.5422810036162634,0.4577189963837366,False
2024,2,8,401671852,CLE,BAL,BAL,CLE,0.3844718285144051,0.6155281714855949,False
2024,2,8,401671720,DET,TEN,DET,DET,0.664731802957209,0.335268197042791,True
2024,2,8,401671850,MIA,ARI,MIA,ARI,0.5580192311066412,0.4419807688933588,False
2024,2,8,401671618,NE,NYJ,NYJ,NE,0.4863369181554331,0.5136630818445669,False
2024,2,8,401671739,TB,ATL,TB,ATL,0.5635379968809231,0.4364620031190769,False
2024,2,8,401671707,JAX,GB,GB,GB,0.44059037284148406,0.5594096271585159,True
2024,2,8,401671856,HOU,IND,HOU,HOU,0.5673548899207335,0.43264511007926654,True
2024,2,8,401671750,LAC,NO,LAC,LAC,0.5143945263490523,0.48560547365094775,True
2024,2,8,401671760,SEA,BUF,BUF,BUF,0.4069600686342655,0.5930399313657345,True
2024,2,8,401671600,DEN,CAR,DEN,DEN,0.6219520383071058,0.37804796169289423,True
2024,2,8,401671671,LV,KC,KC,KC,0.41500235757389903,0.584997642426101,True
2024,2,8,401671599,WSH,CHI,CHI,WSH,0.4343794316351308,0.5656205683648692,False
2024,2,8,401671795,SF,DAL,SF,SF,0.5959142034167713,0.40408579658322874,True
2024,2,8,401671685,PIT,NYG,PIT,PIT,0.6153573591056241,0.38464264089437594,True
2024,2,9,401671809,NYJ,HOU,HOU,NYJ,0.42381269414121425,0.5761873058587857,False
2024,2,9,401671728,ATL,DAL,ATL,ATL,0.510212896440063,0.48978710355993704,True
2024,2,9,401671493,BUF,MIA,BUF,BUF,0.5925547249702909,0.40744527502970906,True
2024,2,9,401671704,CIN,LV,CIN,CIN,0.5836577047293188,0.41634229527068123,True
2024,2,9,401671629,CLE,LAC,LAC,LAC,0.45698773132391546,0.5430122686760845,True
2024,2,9,401671822,TEN,NE,TEN,TEN,0.501233670145905,0.49876632985409497,True
2024,2,9,401671711,NYG,WSH,WSH,WSH,0.4960534090136814,0.5039465909863186,True
2024,2,9,401671650,CAR,NO,NO,CAR,0.3900029009673937,0.6099970990326062,False
2024,2,9,401671623,BAL,DEN,BAL,BAL,0.60673382557922,0.39326617442078005,True
2024,2,9,401671797,PHI,JAX,PHI,PHI,0.5461920274878181,0.45380797251218186,True
2024,2,9,401671661,ARI,CHI,CHI,ARI,0.44938516664712974,0.5506148333528702,False
2024,2,9,401671767,GB,DET,DET,DET,0.47157733639021837,0.5284226636097816,True
2024,2,9,401671776,SEA,LAR,LAR,LAR,0.48718606066075276,0.5128139393392472,True
2024,2,9,401671647,MIN,IND,MIN,MIN,0.5378321566313067,0.4621678433686933,True
2024,2,9,401671688,KC,TB,KC,KC,0.5281100310249043,0.4718899689750957,True
2024,2,10,401671810,BAL,CIN,BAL,BAL,0.6081976969820945,0.39180230301790553,True
2024,2,10,401671803,CAR,NYG,NYG,CAR,0.43945335300175337,0.5605466469982466,False
2024,2,10,401671873,CHI,NE,CHI,NE,0.6265070656218692,0.3734929343781308,False
2024,2,10,401671863,IND,BUF,BUF,BUF,0.4198982468426646,0.5801017531573354,True
2024,2,10,401671637,KC,DEN,KC,KC,0.5473086461587805,0.4526913538412195,True
2024,2,10,401671733,NO,ATL,NO,NO,0.55849019407724,0.44150980592276,True
2024,2,10,401671742,TB,SF,SF,SF,0.43030457137632283,0.5696954286236772,True
2024,2,10,401671641,WSH,PIT,PIT,PIT,0.4331681607775078,0.5668318392224923,True
2024,2,10,401671708,JAX,MIN,MIN,MIN,0.45429030294613687,0.5457096970538631,True
2024,2,10,401671751,LAC,TEN,LAC,LAC,0.6233253017432542,0.3766746982567458,True
2024,2,10,401671676,DAL,PHI,PHI,PHI,0.48724896246632443,0.5127510375336756,True
2024,2,10,401671678,ARI,NYJ,ARI,ARI,0.5325913853307366,0.4674086146692634,True
2024,2,10,401671787,HOU,DET,DET,DET,0.46561621664828623,0.5343837833517138,True
2024,2,10,401671693,LAR,MIA,LAR,MIA,0.5042044862306152,0.4957955137693848,False
2024,2,11,401671813,PHI,WSH,PHI,PHI,0.5513994560571057,0.4486005439428943,True
2024,2,11,401671869,CHI,GB,GB,GB,0.48823327001330397,0.511766729986696,True
2024,2,11,401671642,DET,JAX,DET,DET,0.6433707187179932,0.35662928128200677,True
2024,2,11,401671824,TEN,MIN,MIN,MIN,0.4251434245719804,0.5748565754280196,True
2024,2,11,401671851,MIA,LV,MIA,MIA,0.6220645782215843,0.37793542177841566,True
2024,2,11,401671701,NE,LAR,LAR,LAR,0.44852528554808585,0.5514747144519141,True
2024,2,11,401671746,NO,CLE,NO,NO,0.5856771392518227,0.41432286074817726,True
2024,2,11,401671782,NYJ,IND,IND,IND,0.4876460586980327,0.5123539413019673,True
2024,2,11,401671630,PIT,BAL,BAL,PIT,0.4845203000243178,0.5154796999756822,False
2024,2,11,401671748,DEN,ATL,DEN,DEN,0.5288625129852498,0.4711374870147502,True
2024,2,11,401671757,SF,SEA,SF,SEA,0.6424930051620055,0.35750699483799453,False
2024,2,11,401671665,BUF,KC,BUF,BUF,0.5814099139798148,0.4185900860201852,True
2024,2,11,401671675,LAC,CIN,LAC,LAC,0.5703466953049952,0.42965330469500485,True
2024,2,11,401671694,DAL,HOU,HOU,HOU,0.4239200562782823,0.5760799437217177,True
2024,2,12,401671875,CLE,PIT,PIT,CLE,0.3928106871372813,0.6071893128627187,False
2024,2,12,401671870,CHI,MIN,CHI,MIN,0.5086801527467907,0.4913198472532093,False
2024,2,12,401671866,IND,DET,DET,DET,0.392424552884565,0.607575447115435,True
2024,2,12,401671847,MIA,NE,MIA,MIA,0.6041639777483653,0.3958360222516347,True
2024,2,12,401671638,NYG,TB,TB,TB,0.46324832229822105,0.5367516777017789,True
2024,2,12,401671715,WSH,DAL,WSH,DAL,0.5682743682919673,0.4317256317080327,False
2024,2,12,401671651,CAR,KC,KC,KC,0.39391625786547524,0.6060837421345248,True
2024,2,12,401671858,HOU,TEN,HOU,TEN,0.6383703460579306,0.36162965394206936,False
2024,2,12,401671656,LV,DEN,DEN,DEN,0.40496423690083133,0.5950357630991687,True
2024,2,12,401671768,GB,SF,SF,GB,0.4819590220179748,0.5180409779820252,False
2024,2,12,401671775,SEA,ARI,ARI,SEA,0.47586938553828495,0.524130614461715,False
2024,2,12,401671794,LAR,PHI,PHI,PHI,0.47199200721689266,0.5280079927831074,True
2024,2,12,401671689,LAC,BAL,BAL,BAL,0.47354317070982027,0.5264568292901797,True
2024,2,13,401671492,DET,CHI,DET,DET,0.5915213713726373,0.4084786286273627,True
2024,2,13,401671779,DAL,NYG,DAL,DAL,0.5244469316430886,0.47555306835691136,True
2024,2,13,401671798,GB,MIA,GB,GB,0.565866492263033,0.434133507736967,True
2024,2,13,401671806,KC,LV,KC,KC,0.6425889187237639,0.3574110812762361,True
2024,2,13,401671649,ATL,LAC,LAC,LAC,0.4411529496869614,0.5588470503130386,True
2024,2,13,401671627,CIN,PIT,PIT,PIT,0.4273130202138388,0.5726869797861611,True
2024,2,13,401671726,MIN,ARI,MIN,MIN,0.5593859499840119,0.4406140500159881,True
2024,2,13,401671620,NE,IND,IND,IND,0.4671975235976895,0.5328024764023105,True
2024,2,13,401671703,NYJ,SEA,NYJ,SEA,0.5096115810978366,0.49038841890216345,False
2024,2,13,401671743,WSH,TEN,WSH,WSH,0.5776705124213624,0.42232948757863764,True
2024,2,13,401671705,JAX,HOU,HOU,HOU,0.37605609340743834,0.6239439065925616,True
2024,2,13,401671753,NO,LAR,NO,LAR,0.539263497276486,0.46073650272351396,False
2024,2,13,401671752,CAR,TB,TB,TB,0.40115584392509496,0.598844156074905,True
2024,2,13,401671666,BAL,PHI,BAL,PHI,0.5352978913213668,0.46470210867863315,False
2024,2,13,401671781,BUF,SF,BUF,BUF,0.5508067246537223,0.44919327534627773,True
2024,2,13,401671686,DEN,CLE,DEN,DEN,0.6004343746444145,0.3995656253555855,True
2024,2,14,401671814,DET,GB,DET,DET,0.5465114490837454,0.4534885509162546,True
2024,2,14,401671821,TEN,JAX,TEN,JAX,0.5310710104427451,0.4689289895572549,False
2024,2,14,401671848,MIA,NYJ,MIA,MIA,0.5700034188111583,0.42999658118884165,True
2024,2,14,401671648,MIN,ATL,MIN,MIN,0.5792020066781908,0.4207979933218092,True
2024,2,14,401671601,NYG,NO,NO,NO,0.4369757519897183,0.5630242480102817,True
2024,2,14,401671713,PHI,CAR,PHI,PHI,0.6700791292801652,0.3299208707198348,True
2024,2,14,401671631,PIT,CLE,PIT,PIT,0.6562447094341028,0.34375529056589715,True
2024,2,14,401671654,TB,LV,TB,TB,0.6308465925880128,0.3691534074119872,True
2024,2,14,401671660,ARI,SEA,ARI,SEA,0.5519485085995457,0.4480514914004543,False
2024,2,14,401671773,LAR,BUF,BUF,LAR,0.3907090376761282,0.6092909623238718,False
2024,2,14,401671774,SF,CHI,SF,SF,0.5226056596157479,0.4773943403842521,True
2024,2,14,401671788,KC,LAC,LAC,KC,0.47953004052721615,0.5204699594727838,False
2024,2,14,401671690,DAL,CIN,CIN,CIN,0.48492845845740606,0.5150715415425939,True
2024,2,15,401671818,SF,LAR,SF,LAR,0.559675961231856,0.44032403876814397,False
2024,2,15,401671854,CLE,KC,KC,KC,0.4217340039663371,0.5782659960336629,True
2024,2,15,401671825,TEN,CIN,CIN,CIN,0.45805444120379607,0.5419455587962039,True
2024,2,15,401671737,NO,WSH,WSH,WSH,0.49291307226391484,0.5070869277360852,True
2024,2,15,401671639,NYG,BAL,BAL,BAL,0.3686795166199751,0.6313204833800249,True
2024,2,15,401671731,CAR,DAL,DAL,DAL,0.47081746657553775,0.5291825334244622,True
2024,2,15,401671706,JAX,NYJ,NYJ,NYJ,0.4491067855519565,0.5508932144480435,True
2024,2,15,401671860,HOU,MIA,HOU,HOU,0.5717046956787277,0.4282953043212723,True
2024,2,15,401671669,DEN,IND,DEN,DEN,0.5790135346436109,0.42098646535638906,True
2024,2,15,401671681,DET,BUF,DET,BUF,0.5130048393544473,0.4869951606455527,False
2024,2,15,401671766,PHI,PIT,PIT,PHI,0.4927984676660614,0.5072015323339386,False
2024,2,15,401671677,ARI,NE,ARI,ARI,0.5697779008980045,0.4302220991019955,True
2024,2,15,401671762,LAC,TB,LAC,TB,0.5492413719595656,0.45075862804043443,False
2024,2,15,401671796,SEA,GB,GB,GB,0.42370292676719984,0.5762970732328001,True
2024,2,15,401671489,MIN,CHI,MIN,MIN,0.5606230297527172,0.43937697024728284,True
2024,2,15,401671697,LV,ATL,ATL,ATL,0.4494551864846773,0.5505448135153227,True
2024,2,16,401671749,LAC,DEN,LAC,LAC,0.5139110904829833,0.48608890951701667,True
2024,2,16,401671780,KC,HOU,HOU,KC,0.4897703487776761,0.5102296512223239,False
2024,2,16,401671778,BAL,PIT,BAL,BAL,0.5090173763488232,0.49098262365117684,True
2024,2,16,401671729,ATL,NYG,ATL,ATL,0.5618431312735378,0.4381568687264622,True
2024,2,16,401671868,CHI,DET,DET,DET,0.43037893545938044,0.5696210645406196,True
2024,2,16,401671811,CIN,CLE,CIN,CIN,0.5947132948422931,0.40528670515770693,True
2024,2,16,401671862,IND,TEN,IND,IND,0.5368862513320066,0.4631137486679934,True
2024,2,16,401671621,NYJ,LAR,LAR,LAR,0.4832573678828678,0.5167426321171322,True
2024,2,16,401671717,WSH,PHI,PHI,WSH,0.4780158975862743,0.5219841024137257,False
2024,2,16,401671732,CAR,ARI,ARI,CAR,0.4022813189435835,0.5977186810564166,False
2024,2,16,401671759,SEA,MIN,MIN,MIN,0.43242129539744234,0.5675787046025577,True
2024,2,16,401671494,BUF,NE,BUF,BUF,0.6821452096561255,0.31785479034387454,True
2024,2,16,401671673,LV,JAX,LV,LV,0.5041239955206508,0.4958760044793492,True
2024,2,16,401671874,MIA,SF,SF,MIA,0.479513069331437,0.520486930668563,False
2024,2,16,401671790,DAL,TB,TB,DAL,0.45293637999603387,0.5470636200039661,False
2024,2,16,401671692,GB,NO,GB,GB,0.5984343292959081,0.4015656707040919,True
2024,2,17,401671799,PIT,KC,PIT,KC,0.5437404100560238,0.4562595899439762,False
2024,2,17,401671800,HOU,BAL,BAL,BAL,0.4833924725056445,0.5166075274943556,True
2024,2,17,401671876,CHI,SEA,CHI,SEA,0.5449944704392273,0.45500552956077267,False
2024,2,17,401671832,NE,LAC,LAC,LAC,0.40958049462003043,0.5904195053799696,True
2024,2,17,401671835,CIN,DEN,DEN,CIN,0.49250482481413443,0.5074951751858656,False
2024,2,17,401671829,LAR,ARI,LAR,LAR,0.5363182036140813,0.46368179638591867,True
2024,2,17,401671495,BUF,NYJ,BUF,BUF,0.6510318060379515,0.3489681939620485,True
2024,2,17,401671738,NO,LV,NO,LV,0.5904752987221236,0.40952470127787644,False
2024,2,17,401671846,NYG,IND,IND,NYG,0.4570732201964179,0.5429267798035822,False
2024,2,17,401671765,PHI,DAL,PHI,PHI,0.617357506393656,0.38264249360634395,True
2024,2,17,401671653,TB,CAR,TB,TB,0.6222004806878905,0.37779951931210953,True
2024,2,17,401671634,JAX,TEN,TEN,JAX,0.49862272182803175,0.5013772781719683,False
2024,2,17,401671877,CLE,MIA,MIA,MIA,0.417969065702973,0.582030934297027,True
2024,2,17,401671725,MIN,GB,GB,MIN,0.48200029171129394,0.517999708288706,False
2024,2,17,401671842,WSH,ATL,WSH,WSH,0.550091745863241,0.44990825413675894,True
2024,2,17,401671698,SF,DET,DET,DET,0.4313863599072967,0.5686136400927033,True
2024,2,18,401671834,BAL,CLE,BAL,BAL,0.700090170349956,0.299909829650044,True
2024,2,18,401671836,PIT,CIN,PIT,CIN,0.5642075973431735,0.4357924026568265,False
2024,2,18,401671827,ATL,CAR,ATL,CAR,0.6024091554437443,0.3975908445562557,False
2024,2,18,401671840,DAL,WSH,WSH,WSH,0.44359975369925575,0.5564002463007443,True
2024,2,18,401671844,GB,CHI,GB,CHI,0.6102960875812615,0.3897039124187385,False
2024,2,18,401671826,TEN,HOU,HOU,HOU,0.413694953771636,0.586305046228364,True
2024,2,18,401671837,IND,JAX,IND,IND,0.5758153723544884,0.42418462764551157,True
2024,2,18,401671831,NE,BUF,BUF,NE,0.3280833944974363,0.6719166055025637,False
2024,2,18,401671841,PHI,NYG,PHI,PHI,0.6740326135980663,0.3259673864019337,True
2024,2,18,401671828,TB,NO,TB,TB,0.5807376494175164,0.4192623505824836,True
2024,2,18,401671838,DEN,KC,KC,DEN,0.49195311507428685,0.5080468849257131,False
2024,2,18,401671839,LV,LAC,LAC,LAC,0.39442081272341944,0.6055791872765806,True
2024,2,18,401671830,LAR,SEA,LAR,SEA,0.5615524597912219,0.4384475402087781,False
2024,2,18,401671833,NYJ,MIA,MIA,NYJ,0.460363046799513,0.539636953200487,False
2024,2,18,401671845,ARI,SF,SF,ARI,0.48846835586689274,0.5115316441331073,False
2024,2,18,401671843,DET,MIN,DET,DET,0.5607665046893947,0.4392334953106053,True
2024,3,1,401671878,HOU,LAC,HOU,HOU,0.5069748872609756,0.4930251127390244,True
2024,3,1,401671879,BAL,PIT,BAL,BAL,0.5622050015180217,0.43779499848197834,True
2024,3,1,401671881,BUF,DEN,BUF,BUF,0.5880545142989813,0.41194548570101874,True
2024,3,1,401671880,PHI,GB,PHI,PHI,0.5268691281531277,0.4731308718468723,True
2024,3,1,401671883,TB,WSH,TB,WSH,0.5326831070149857,0.46731689298501433,False
2024,3,1,401671882,LAR,MIN,MIN,LAR,0.46572923292637836,0.5342707670736216,False
2024,3,2,401671884,KC,HOU,KC,KC,0.5029405242207065,0.49705947577929355,True
2024,3,2,401671885,DET,WSH,DET,WSH,0.594974406001791,0.40502559399820903,False
2024,3,2,401671937,PHI,LAR,PHI,PHI,0.6073263853744721,0.39267361462552786,True
2024,3,2,401671886,BUF,BAL,BUF,BUF,0.5292766541847196,0.4707233458152804,True
2024,3,3,401671888,PHI,WSH,PHI,PHI,0.586162061189683,0.41383793881031705,True
2024,3,3,401671887,KC,BUF,BUF,KC,0.42180589924368805,0.578194100756312,False
2024,3,5,401671889,PHI,KC,PHI,PHI,0.6086077570944962,0.3913922429055038,True
